Sequence,Age,Sex,Height,Drunk,Timestamp,Image Number,Color,Word,Response,Time Taken
8,21,m,65,d,1742623975.511313
0,0,0,0,0,0,3,red,red,y,2.592186689376831
0,0,0,0,0,0,4,yellow,red,y,2.568848133087158
0,0,0,0,0,0,7,red,blue,y,2.7053966522216797
0,0,0,0,0,0,13,blue,green,y,2.5284104347229004
0,0,0,0,0,0,5,blue,blue,y,2.5726916790008545
0,0,0,0,0,0,2,green,red,y,3.4079346656799316
0,0,0,0,0,0,11,red,yellow,y,2.4851279258728027
0,0,0,0,0,0,9,blue,yellow,y,2.663867950439453
0,0,0,0,0,0,15,red,green,y,3.159809112548828
0,0,0,0,0,0,6,green,blue,y,2.498993396759033
0,0,0,0,0,0,16,yellow,green,y,2.955360174179077
0,0,0,0,0,0,10,green,yellow,y,2.879176616668701
0,0,0,0,0,0,14,green,green,y,2.4892537593841553
0,0,0,0,0,0,12,yellow,yellow,n,2.5120368003845215
0,0,0,0,0,0,8,yellow,blue,y,2.484076976776123
0,0,0,0,0,0,8,yellow,blue,y,2.5378050804138184
0,0,0,0,0,0,0,0,0,0,0,1.65
0,0,0,0,0,0,0,0,0,0,0,1.11
Timestamp,Pupil_X,Pupil_Y
0.0,551.9298095703125,161.52645874023438
8.5575,521.0995483398438,172.6000213623047
49.3875,553.7169799804688,175.48989868164062
97.37333333333333,553.8359375,188.5318603515625
147.62333333333333,556.2617797851562,207.79331970214844
183.23083333333335,555.9771728515625,228.03817749023438
205.79333333333332,530.4879150390625,253.98484802246094
238.80666666666667,534.82275390625,261.6006774902344
252.58999999999997,585.9404907226562,63.77129364013672
269.4008333333333,588.946533203125,72.59037780761719
326.71333333333337,582.668701171875,72.4148178100586
361.745,582.243896484375,78.54536437988281
393.89166666666665,583.0887451171875,81.63255310058594
417.1975,612.095458984375,114.67054748535156
468.40666666666664,569.7100830078125,74.03275299072266
480.8566666666666,581.8616333007812,78.26434326171875
513.3425000000001,585.089111328125,76.93992614746094
538.4008333333334,445.0303039550781,411.16131591796875
573.2808333333334,446.932373046875,399.0822448730469
701.7266666666666,492.8660583496094,258.6394348144531
730.4233333333333,502.84228515625,259.7860412597656
763.3858333333333,494.3451232910156,250.32557678222656
792.2333333333333,491.3742980957031,246.41629028320312
829.3108333333333,491.7261047363281,248.33364868164062
860.7066666666666,493.1925964355469,248.62130737304688
898.115,501.7431945800781,251.15940856933594
937.8816666666667,500.8606262207031,252.09967041015625
975.8025,454.13671875,397.3415222167969
993.6983333333334,450.5558776855469,422.9814758300781
1031.4216666666666,450.7154846191406,424.6469421386719
1064.1083333333333,600.1825561523438,92.85094451904297
1097.3933333333332,579.3035888671875,67.83900451660156
1127.6,587.82666015625,73.15882873535156
1165.3875,584.5272827148438,70.17884063720703
1196.0225,605.35791015625,94.38986206054688
1225.5916666666667,600.823486328125,92.27753448486328
1259.6225000000002,607.3289184570312,96.04679870605469
1294.4116666666666,451.38616943359375,387.3627014160156
1327.3416666666667,503.6202087402344,240.88546752929688
1358.2099999999998,428.27716064453125,249.99713134765625
1392.6425,429.0880432128906,250.11758422851562
1424.2250000000001,431.2946472167969,248.07489013671875
1459.67,448.88287353515625,217.3385772705078
1492.0116666666668,448.12945556640625,218.65292358398438
1526.4316666666666,454.0382080078125,219.03627014160156
1560.03,460.72711181640625,207.32083129882812
1593.3200000000002,437.32373046875,254.17274475097656
1626.5116666666665,505.027099609375,240.3885955810547
1662.5725,457.051025390625,392.6293029785156
1695.5725,452.5279541015625,415.60113525390625
1730.2658333333334,598.3258056640625,84.2695541381836
1759.355,585.055908203125,67.36557006835938
1793.7758333333334,593.6087036132812,81.45472717285156
1827.915,606.2546997070312,92.32439422607422
1858.5108333333333,601.763916015625,90.32298278808594
1891.9758333333334,617.0570068359375,108.05783081054688
1926.3216666666667,454.2056579589844,416.8331298828125
1961.7150000000001,455.2254333496094,409.7522277832031
1991.4866666666667,456.0017395019531,400.4170837402344
2023.581666666667,456.13323974609375,389.5770568847656
2058.5825,456.3489990234375,379.34429931640625
2092.630833333333,456.7061767578125,368.9173889160156
2124.2016666666664,456.45306396484375,358.3423767089844
2157.72,456.2494812011719,349.45452880859375
2191.3683333333333,456.23956298828125,342.33465576171875
2224.8775,456.3448486328125,338.19134521484375
2258.13,456.7951354980469,337.0826110839844
2292.2966666666666,456.9606628417969,337.6866455078125
2326.4216666666666,458.0558166503906,336.32281494140625
2358.1908333333336,458.66534423828125,333.0609130859375
2390.9658333333336,458.1181640625,317.5373840332031
2423.4066666666668,456.87298583984375,293.1683044433594
2459.7608333333333,456.3983459472656,268.3124084472656
2493.185,452.4742431640625,195.05758666992188
2525.3966666666665,455.862060546875,187.93978881835938
2558.055,460.0676574707031,185.76583862304688
2591.116666666667,461.5502014160156,181.63734436035156
2623.22,516.7025756835938,130.6866912841797
2658.5775,508.24371337890625,119.29580688476562
2693.1883333333335,465.371337890625,179.23472595214844
2724.806666666667,467.7958984375,181.09848022460938
2760.3033333333333,469.9223937988281,179.52886962890625
2789.971666666667,494.7841491699219,99.63250732421875
2823.275833333333,472.9649658203125,179.0105743408203
2858.5175,519.48193359375,119.56996154785156
2890.1758333333332,472.3218688964844,175.94346618652344
2924.7025,474.38189697265625,177.57073974609375
2958.3233333333333,475.11456298828125,177.90975952148438
2991.13,475.3782958984375,178.11245727539062
3024.6833333333334,474.9658508300781,178.1572723388672
3058.4933333333333,469.9076843261719,146.91053771972656
3092.0533333333333,475.0509033203125,179.87277221679688
3124.775,498.68939208984375,56.036781311035156
3157.9025,476.3044738769531,254.70913696289062
3192.108333333333,470.8360290527344,277.41461181640625
3223.3758333333335,463.1392517089844,294.8334655761719
3257.42,461.4179382324219,299.61944580078125
3291.0466666666666,462.9051513671875,296.6588439941406
3323.71,463.6381530761719,296.1033020019531
3357.0,464.4940490722656,296.30511474609375
3390.5175,463.66656494140625,293.663818359375
3426.235833333333,460.7212219238281,286.2747497558594
3457.9983333333334,461.1206970214844,287.5398864746094
3492.575,461.3808898925781,287.2712707519531
3524.445,460.9233093261719,286.0802917480469
3557.74,461.8756408691406,285.5376281738281
3590.6825,464.4444885253906,260.8108215332031
3624.3508333333334,520.9190063476562,123.55912780761719
3658.1633333333334,515.0459594726562,110.83478546142578
3690.8875000000003,499.6813659667969,94.93156433105469
3726.6225,501.6379699707031,96.63169860839844
3757.7616666666668,504.3836364746094,97.88128662109375
3790.3875,472.90911865234375,164.67092895507812
3825.161666666667,471.78460693359375,162.60430908203125
3859.0566666666664,472.10577392578125,160.60704040527344
3890.7008333333333,472.16107177734375,163.33648681640625
3926.52,471.23541259765625,162.27398681640625
3958.3108333333334,476.27239990234375,164.5009765625
3990.903333333333,465.3320007324219,267.9840087890625
4023.0458333333336,462.3064270019531,279.5746765136719
4058.141666666667,462.62432861328125,278.00177001953125
4090.7566666666667,462.7489318847656,278.26361083984375
4127.796666666667,462.35736083984375,279.5475158691406
4160.206666666666,462.371826171875,279.277099609375
4190.966666666666,462.400146484375,278.9534912109375
4223.849999999999,462.3233642578125,278.5341796875
4257.841666666667,462.38995361328125,278.822998046875
4292.778333333334,463.3159484863281,261.21026611328125
4323.973333333333,471.86676025390625,150.22264099121094
4356.9800000000005,466.57818603515625,165.84893798828125
4393.363333333334,498.20172119140625,92.22859954833984
4424.8775,496.592529296875,90.74126434326172
4457.658333333334,498.6297912597656,92.03695678710938
4490.805,499.0983581542969,92.82501220703125
4525.2266666666665,498.8464050292969,92.73697662353516
4557.538333333334,501.7003479003906,95.25733947753906
4591.130833333334,502.77044677734375,96.538330078125
4625.873333333334,472.27301025390625,162.31944274902344
4657.738333333334,475.11273193359375,175.6831817626953
4690.75,466.28070068359375,258.5982666015625
4725.6658333333335,459.1622009277344,285.20037841796875
4757.345,457.524658203125,295.2155456542969
4789.450000000001,458.1645812988281,293.7781677246094
4823.338333333333,459.3300476074219,292.51348876953125
4857.168333333333,459.5813903808594,291.72528076171875
4894.8099999999995,459.05645751953125,292.0835876464844
4925.201666666666,459.3990783691406,291.5924072265625
4957.830833333333,459.8006591796875,290.9893493652344
4990.974999999999,463.5828857421875,274.714599609375
5023.473333333333,466.8986511230469,267.00537109375
5058.191666666667,467.11041259765625,268.9874267578125
5090.6866666666665,467.2026062011719,269.5040588378906
5125.174999999999,467.3880310058594,268.6494445800781
5157.4875,467.2842712402344,268.929931640625
5192.2300000000005,477.64154052734375,161.67039489746094
5223.671666666666,467.41827392578125,143.44467163085938
5256.951666666667,468.9028015136719,146.85804748535156
5290.3,467.9586181640625,137.3431854248047
5323.74,467.8762512207031,136.18702697753906
5360.580833333333,518.7713623046875,112.0761947631836
5389.660833333333,470.7357177734375,168.3668212890625
5422.7675,470.722412109375,169.2744140625
5458.4475,517.1181030273438,109.08529663085938
5493.675833333334,516.4129028320312,107.90354919433594
5523.006666666666,516.28564453125,107.76560974121094
5557.1525,472.311279296875,173.7505340576172
5592.241666666667,468.362060546875,256.88311767578125
5623.450833333333,462.6249084472656,279.08123779296875
5660.837500000001,462.67236328125,278.4227294921875
5689.675,462.99176025390625,277.8094787597656
5725.895,463.08258056640625,277.33416748046875
5761.575,463.51611328125,277.2298278808594
5788.586666666666,463.7233581542969,276.87628173828125
5822.1258333333335,464.3408203125,276.5180358886719
5857.655833333333,464.6047668457031,276.2984619140625
5890.143333333333,464.92138671875,274.44207763671875
5925.208333333333,464.1202697753906,241.74713134765625
5957.175833333334,463.3677673339844,139.8272705078125
5990.068333333334,459.9913635253906,126.52642059326172
6022.952499999999,459.7184143066406,127.11097717285156
6056.445833333333,461.5409240722656,126.16876983642578
6091.565833333333,509.1824951171875,96.47555541992188
6125.045,511.9223327636719,100.01007080078125
6156.93,513.9268798828125,101.6128158569336
6193.712500000001,509.48809814453125,95.43394470214844
6225.3933333333325,511.5685119628906,98.86663055419922
6259.5408333333335,513.4533081054688,102.83499908447266
6290.782499999999,470.6235656738281,150.5907745361328
6328.246666666667,462.804443359375,254.71534729003906
6359.538333333333,456.5231628417969,278.9882507324219
6390.366666666667,454.18914794921875,285.0155944824219
6423.235,455.3863525390625,284.07861328125
6460.033333333334,456.9644775390625,283.81036376953125
6493.151666666667,457.557861328125,283.7439880371094
6523.513333333333,458.91064453125,283.4495544433594
6559.0575,460.92218017578125,279.697998046875
6590.360833333333,466.3603210449219,246.22178649902344
6622.264999999999,470.0280456542969,145.62667846679688
6658.280000000001,503.2669677734375,92.0842514038086
6689.9175,495.28509521484375,83.23410034179688
6724.600833333334,495.7912902832031,82.31707763671875
6757.712500000001,473.61767578125,140.79945373535156
6788.495,515.1180419921875,101.15310668945312
6822.87,475.97607421875,160.15928649902344
6857.3875,522.165771484375,112.93359375
6890.940833333333,469.1487121582031,252.01663208007812
6922.983333333334,459.7174072265625,277.9508056640625
6956.648333333333,455.24072265625,288.1278381347656
6990.366666666667,456.8372802734375,287.0123596191406
7024.1449999999995,457.2694091796875,286.2337646484375
7058.360000000001,457.8233337402344,286.23248291015625
7091.5,459.07806396484375,286.2275085449219
7125.445,460.4930419921875,285.74151611328125
7157.673333333333,464.84466552734375,253.5476837158203
7189.835,471.1174621582031,173.67088317871094
7222.215,499.3194885253906,86.94348907470703
7256.340833333334,494.36346435546875,79.92098999023438
7292.691666666667,492.0025329589844,77.07535552978516
7325.6375,494.0711364746094,78.67488861083984
7359.7575,496.0770263671875,82.53620147705078
7392.928333333333,501.0312805175781,85.34083557128906
7423.291666666667,508.48382568359375,89.65321350097656
7456.4783333333335,480.48931884765625,162.82748413085938
7491.548333333333,466.4377136230469,266.0242004394531
7526.073333333334,459.7065124511719,280.9477233886719
7556.191666666667,458.547119140625,281.36199951171875
7590.7425,459.8896484375,280.51629638671875
7624.661666666667,460.81964111328125,280.86297607421875
7660.881666666666,461.500244140625,281.7764892578125
7689.215,462.4375,282.8386535644531
7722.798333333333,463.76953125,282.7329406738281
7759.215833333334,467.15496826171875,259.53240966796875
7788.134999999999,471.6440124511719,237.66558837890625
7823.425833333334,474.38751220703125,143.06118774414062
7856.666666666666,466.79693603515625,123.74381256103516
7892.9608333333335,492.75653076171875,158.19705200195312
7923.195,494.3857421875,165.65060424804688
7956.58,514.0640258789062,90.642822265625
7989.545833333334,515.441650390625,97.1644058227539
8024.202499999999,493.5014953613281,154.50527954101562
8057.085000000001,496.09661865234375,156.1817169189453
8090.0216666666665,515.0022583007812,94.7776870727539
8124.36,476.23583984375,171.10255432128906
8157.346666666667,470.6666564941406,247.35755920410156
8189.975833333334,466.5547180175781,266.18499755859375
8222.685833333333,463.435791015625,275.6239318847656
8255.733333333334,463.9454650878906,275.7569274902344
8288.980833333333,464.42706298828125,275.1813049316406
8322.8025,464.8832702636719,275.4779052734375
8356.143333333333,465.0372619628906,276.0760192871094
8389.0475,465.88031005859375,274.50592041015625
8421.8375,466.3182067871094,274.5475769042969
8456.996666666668,467.45611572265625,264.0966796875
8489.297499999999,467.9198913574219,233.35263061523438
8523.361666666666,466.1462097167969,123.14810180664062
8556.495,498.9718017578125,83.01911163330078
8590.840833333334,498.2200012207031,81.65377807617188
8625.093333333334,498.30877685546875,81.60055541992188
8656.465833333334,502.4463806152344,84.89282989501953
8691.917500000001,504.2908935546875,88.35621643066406
8724.683333333332,465.06390380859375,115.05975341796875
8757.846666666668,476.08917236328125,157.45086669921875
8789.410833333333,463.8815612792969,256.9068603515625
8825.131666666668,458.4320373535156,273.624755859375
8856.696666666667,459.4117126464844,274.1914978027344
8892.520833333334,460.3696594238281,274.554443359375
8925.918333333333,460.97149658203125,275.34552001953125
8957.905833333332,461.36163330078125,275.63214111328125
8991.491666666667,462.0998229980469,275.73883056640625
9024.870833333332,464.4242248535156,269.9941711425781
9057.191666666666,468.8983459472656,242.06980895996094
9090.608333333334,522.428955078125,108.98076629638672
9123.020833333334,499.6188049316406,83.3221435546875
9157.656666666666,493.7921447753906,74.42255401611328
9195.916666666668,494.1470947265625,74.95467376708984
9225.173333333334,494.43212890625,75.71553802490234
9257.233333333334,496.4974365234375,76.7800521850586
9297.362500000001,503.06719970703125,83.52156829833984
9329.31,469.0785217285156,118.72228240966797
9358.490833333333,476.0583801269531,153.89657592773438
9393.9425,462.69329833984375,257.6524963378906
9422.655833333334,457.9650573730469,278.65032958984375
9456.241666666667,458.06903076171875,281.19476318359375
9491.293333333333,459.0162353515625,281.01446533203125
9523.925833333333,459.6251525878906,281.0447998046875
9558.15,460.0598449707031,281.585693359375
9592.8325,461.0660400390625,281.46746826171875
9620.875833333334,464.17791748046875,276.212890625
9655.205,481.80535888671875,156.9163055419922
9689.140833333333,470.514404296875,129.8395538330078
9721.76,471.5125732421875,132.94691467285156
9790.3225,487.96978759765625,35.95130157470703
9823.725,472.20465087890625,127.13909149169922
9857.16,471.35198974609375,126.42203521728516
0.0,474.6319580078125,151.6638641357422
0.0,466.36871337890625,252.10543823242188
Timestamp,Pupil_X,Pupil_Y
0.0,608.0728149414062,58.78866958618164
15.893333333333333,606.2715454101562,65.02908325195312
82.3725,606.9974365234375,73.66522216796875
126.44916666666667,600.6318359375,82.7370834350586
188.83416666666668,131.7548828125,337.2820129394531
209.5366666666667,128.68617248535156,352.6954040527344
236.37833333333333,109.67278289794922,355.3819274902344
272.58666666666664,103.84423065185547,387.82220458984375
297.14000000000004,98.72818756103516,394.1902770996094
310.5441666666667,94.98249053955078,386.52081298828125
324.9666666666667,102.03336334228516,402.0682067871094
346.7283333333333,80.21644592285156,401.2366638183594
378.57666666666665,87.6332015991211,404.6485900878906
404.03666666666663,74.92581939697266,401.1409912109375
437.49916666666667,88.28058624267578,396.4059143066406
475.38916666666665,93.01688385009766,381.4930114746094
491.2416666666667,103.6091079711914,377.79486083984375
517.7191666666666,100.6530990600586,344.6074523925781
554.7933333333334,109.67764282226562,367.0043029785156
586.36,95.08443450927734,334.9947509765625
612.7666666666667,104.92987060546875,327.00274658203125
647.3283333333333,107.06649780273438,328.00860595703125
677.7016666666666,104.06754302978516,324.5206298828125
711.0474999999999,104.17411804199219,322.6577453613281
746.2866666666666,104.2724380493164,322.8170166015625
782.4124999999999,119.28437805175781,325.3241882324219
819.1366666666667,118.8652572631836,345.7747802734375
851.6825,82.16944122314453,337.9351806640625
882.3725000000001,79.2653579711914,399.15863037109375
923.4025,89.5412826538086,401.3954772949219
952.2091666666666,86.38529205322266,403.34527587890625
990.9375,83.49835205078125,413.25604248046875
1014.2366666666667,86.67865753173828,412.71923828125
1046.3866666666665,66.65017700195312,405.9976501464844
1082.9316666666666,87.72420501708984,412.65875244140625
1114.5716666666667,72.27371978759766,402.0406494140625
1145.5475,55.78573226928711,397.185791015625
1181.3025,77.80780792236328,385.815673828125
1212.5525,84.73751068115234,327.94537353515625
1246.3683333333333,104.63573455810547,305.32818603515625
1278.7825,120.42705535888672,295.4264831542969
1311.6366666666665,115.87014770507812,297.1346435546875
1345.1116666666667,112.51953887939453,296.230224609375
1381.4275,119.6087417602539,294.9781799316406
1413.5125,109.23815155029297,298.5696105957031
1445.7575,110.35945129394531,300.3875732421875
1481.2166666666667,114.3135986328125,303.16558837890625
1514.6275,109.09420013427734,303.6648864746094
1546.5641666666668,87.25251007080078,326.26611328125
1582.3633333333332,69.63988494873047,359.76617431640625
1612.5683333333334,64.5905990600586,374.9635009765625
1645.9075,69.72604370117188,382.2413635253906
1678.6341666666667,88.78177642822266,397.81781005859375
1711.4966666666667,90.59153747558594,402.3564453125
1745.6675,89.74713897705078,401.8488464355469
1779.3725,88.46876525878906,402.7887268066406
1813.8325,66.55867004394531,386.2682189941406
1847.4141666666667,71.19210815429688,362.9624938964844
1879.0116666666668,74.8136215209961,346.720947265625
1912.4933333333333,76.53447723388672,332.1672668457031
1945.1783333333333,68.56047058105469,328.9039611816406
1978.5333333333333,145.8102264404297,461.1417541503906
2011.6841666666664,145.31690979003906,457.3700866699219
2044.155,149.8032989501953,458.1448669433594
2077.548333333333,150.70925903320312,452.21392822265625
2111.7341666666666,152.7056427001953,448.6810607910156
2144.6800000000003,153.1487274169922,445.2745666503906
2179.875,153.4496307373047,444.5883483886719
2214.5241666666666,154.89537048339844,443.64154052734375
2246.2166666666667,157.08364868164062,441.0016784667969
2278.1133333333332,159.75527954101562,434.7782287597656
2311.5591666666664,161.86204528808594,413.6907653808594
2344.826666666667,165.0459442138672,386.61663818359375
2377.8291666666664,133.29652404785156,225.0010986328125
2413.9283333333333,131.9711151123047,212.66787719726562
2445.273333333333,138.85296630859375,204.50955200195312
2480.943333333333,141.69659423828125,200.8896026611328
2512.6233333333334,144.43637084960938,197.9692840576172
2544.5266666666666,155.7562255859375,195.20655822753906
2582.6349999999998,161.01808166503906,199.2799530029297
2612.4216666666666,163.2714080810547,197.5396270751953
2649.9841666666666,149.27174377441406,192.2542266845703
2678.204166666667,147.20391845703125,193.4547576904297
2710.7316666666666,150.9391632080078,191.6304473876953
2743.5550000000003,150.11695861816406,191.029296875
2777.9275000000002,150.5166778564453,190.98199462890625
2811.9083333333333,173.09779357910156,192.03167724609375
2844.665,152.5565185546875,190.92579650878906
2878.409166666667,156.12193298339844,187.98585510253906
2911.8116666666665,154.9175567626953,189.21873474121094
2947.14,149.75233459472656,192.006103515625
2979.2841666666664,153.3162078857422,188.6059112548828
3012.2766666666666,156.841552734375,185.7947540283203
3044.6216666666664,149.1837921142578,196.4695587158203
3077.6233333333334,195.14437866210938,383.56036376953125
3112.2916666666665,193.8935089111328,408.54962158203125
3144.2266666666665,197.21914672851562,415.16070556640625
3177.8275,199.49598693847656,415.3883361816406
3211.8183333333336,199.67294311523438,414.86138916015625
3243.3266666666664,200.51730346679688,415.3652648925781
3277.1991666666668,201.72230529785156,416.1359558105469
3310.896666666667,197.95021057128906,410.7961120605469
3346.208333333333,192.28759765625,404.4405517578125
3380.6699999999996,192.97171020507812,407.4043273925781
3414.8616666666667,192.475341796875,406.760986328125
3444.298333333333,192.34896850585938,406.7223205566406
3477.463333333333,191.06468200683594,401.1397399902344
3511.8116666666665,118.48247528076172,227.9595947265625
3544.7975,151.89138793945312,191.88356018066406
3579.1341666666667,154.6416778564453,185.92942810058594
3614.166666666667,156.39793395996094,185.29306030273438
3646.963333333333,157.14610290527344,186.46652221679688
3679.7,156.3206024169922,187.87387084960938
3712.6633333333334,157.5278778076172,185.158203125
3745.403333333333,167.91380310058594,184.3163299560547
3778.1366666666668,155.11236572265625,188.09010314941406
3814.523333333333,153.16970825195312,190.6364288330078
3844.673333333333,151.23016357421875,195.6068115234375
3877.8725,192.16786193847656,375.0662536621094
3912.4341666666664,198.1059112548828,394.1380615234375
3946.8925,199.24905395507812,395.070556640625
3978.1349999999998,199.92201232910156,395.6318054199219
4011.5766666666664,200.42169189453125,397.6064147949219
4044.3625,200.56813049316406,398.0684509277344
4078.38,200.49603271484375,398.33404541015625
4109.818333333333,200.35752868652344,399.5944519042969
4144.635,199.69235229492188,399.65069580078125
4179.173333333333,198.28314208984375,397.4032287597656
4212.956666666667,186.55894470214844,333.0341796875
4244.0233333333335,148.413818359375,195.9495086669922
4278.008333333333,157.18064880371094,182.59170532226562
4314.5216666666665,160.9892578125,177.898193359375
4345.0,160.1994171142578,179.29635620117188
4379.29,155.96139526367188,181.93101501464844
4411.745,158.6888427734375,181.0300750732422
4444.574166666666,154.6988525390625,183.0982208251953
4477.549166666667,155.3085174560547,185.17527770996094
4514.881666666667,154.45761108398438,185.79208374023438
4543.981666666667,153.05520629882812,188.3583526611328
4577.1016666666665,191.77072143554688,363.7935485839844
4611.784166666666,191.84915161132812,387.9263916015625
4644.134166666667,200.68814086914062,407.4124450683594
4675.9783333333335,204.88572692871094,415.7899475097656
4711.684166666666,202.81565856933594,413.361328125
4742.448333333333,203.80503845214844,413.0981140136719
4777.698333333334,204.04330444335938,413.9714660644531
4811.3125,202.43165588378906,411.8968505859375
4842.614166666666,202.3558807373047,412.560791015625
4877.6875,202.188232421875,411.9214782714844
4910.949166666666,194.08584594726562,390.7300109863281
4945.053333333333,194.0033721923828,392.09185791015625
4978.968333333333,193.90257263183594,393.4165954589844
5011.791666666666,194.19708251953125,393.291015625
5044.0616666666665,195.04954528808594,393.9162902832031
5076.922500000001,194.7100372314453,386.73406982421875
5110.37,137.6075439453125,212.18255615234375
5142.884999999999,150.4427032470703,192.49740600585938
5176.778333333333,150.4763946533203,192.5204620361328
5210.48,153.81983947753906,191.65499877929688
5251.6025,150.11538696289062,194.29953002929688
5277.643333333333,150.1209716796875,194.7781982421875
5310.702499999999,149.24119567871094,196.3806915283203
5344.096666666666,147.8014373779297,196.86866760253906
5380.8475,147.88131713867188,197.35101318359375
5411.3175,146.51870727539062,199.6425018310547
5443.6275,146.35418701171875,201.41111755371094
5478.511666666667,196.2154998779297,363.50201416015625
5509.532499999999,202.11544799804688,391.26568603515625
5542.8975,203.75836181640625,397.24957275390625
5576.994166666666,203.98284912109375,397.1557922363281
5610.37,204.6835174560547,398.1131286621094
5647.011666666666,205.1736297607422,397.91961669921875
5677.968333333333,205.20477294921875,397.8787536621094
5710.528333333334,205.53594970703125,398.8747253417969
5743.8983333333335,205.13267517089844,399.5552978515625
5777.0650000000005,204.4365234375,399.2668762207031
5811.177500000001,200.25936889648438,381.46240234375
5843.7,130.4105224609375,214.78561401367188
5876.123333333333,154.0337677001953,187.97584533691406
5909.998333333333,155.39718627929688,184.56578063964844
5942.835,173.56300354003906,181.3595733642578
5977.836666666667,155.5878143310547,186.05999755859375
6014.3775000000005,155.2109832763672,188.4503631591797
6044.273333333333,151.27059936523438,192.30810546875
6079.6775,150.79440307617188,192.80752563476562
6112.724166666666,149.70736694335938,193.7030792236328
6145.505,147.20872497558594,195.81753540039062
6177.363333333333,146.07052612304688,199.43341064453125
6211.079166666667,195.87350463867188,370.1929626464844
6244.221666666666,201.54376220703125,381.17822265625
6280.303333333333,175.8358612060547,384.6363525390625
6310.335,174.4375762939453,382.3348388671875
6344.641666666667,196.12091064453125,382.4040222167969
6378.523333333333,204.2894287109375,401.1955261230469
6410.86,203.3384552001953,398.8540344238281
6442.9991666666665,202.40878295898438,406.12860107421875
6477.0975,194.8219757080078,364.80731201171875
6509.683333333333,188.4958038330078,357.9796447753906
6543.3125,159.34982299804688,183.10789489746094
6578.842500000001,165.09136962890625,175.86253356933594
6612.07,166.6269989013672,172.5030517578125
6646.129166666667,167.89352416992188,172.0336456298828
6676.7025,167.4520263671875,173.84031677246094
6709.8533333333335,177.5925750732422,171.84158325195312
6742.8,158.87318420410156,184.6866455078125
6775.391666666666,198.08921813964844,362.1151123046875
6810.655,204.14796447753906,368.7013854980469
6843.038333333333,200.66494750976562,382.8857421875
6876.629166666667,209.2339324951172,401.2498779296875
6912.598333333333,208.2322235107422,400.8506164550781
6943.6975,208.4407958984375,399.0368347167969
6977.136666666666,206.60377502441406,408.1719665527344
7014.193333333333,205.56378173828125,409.83056640625
7045.018333333333,205.40394592285156,400.7139587402344
7076.658333333334,131.5542755126953,214.16163635253906
7109.3133333333335,164.81935119628906,180.96807861328125
7142.378333333333,169.01229858398438,169.9066925048828
7177.768333333333,178.6394805908203,163.01101684570312
7213.016666666666,171.9815216064453,157.1190948486328
7246.900000000001,179.13450622558594,168.861572265625
7278.541666666666,172.11981201171875,172.4882354736328
7310.217500000001,166.34141540527344,178.69383239746094
7342.5275,199.51150512695312,351.5366516113281
7377.282499999999,207.5063018798828,372.8299560546875
7410.57,211.9453125,380.42626953125
7443.071666666667,183.847412109375,378.3827209472656
7475.939166666667,208.00433349609375,397.8717956542969
7510.449166666666,207.69798278808594,400.627197265625
7545.7875,207.28826904296875,403.9664001464844
7577.27,206.85250854492188,406.1180419921875
7610.412499999999,212.8303985595703,410.50335693359375
7642.593333333333,208.82608032226562,404.2873840332031
7675.739166666666,196.77874755859375,366.27557373046875
7708.9725,151.95571899414062,192.17396545410156
7744.2091666666665,164.34461975097656,176.38539123535156
7775.76,166.74742126464844,172.0165252685547
7810.605,166.88963317871094,171.9388427734375
7843.113333333333,165.98443603515625,173.24496459960938
7877.073333333334,164.46949768066406,176.39398193359375
7910.461666666666,172.2091827392578,175.5361328125
7942.909166666666,162.20533752441406,178.87380981445312
7978.921666666666,160.02879333496094,182.7857208251953
8010.375,166.14926147460938,186.3708953857422
8044.779166666666,203.5207977294922,362.0113220214844
8075.374999999999,204.11196899414062,375.9222412109375
8111.634166666667,205.9361114501953,391.09027099609375
8141.607499999999,206.38516235351562,393.695068359375
8176.15,207.1671905517578,394.5174560546875
8210.363333333333,208.21620178222656,395.72039794921875
8243.396666666667,208.7539825439453,396.79913330078125
8276.730000000001,208.6206512451172,397.1971435546875
8309.429166666667,207.94955444335938,397.79510498046875
8342.919166666667,207.0279083251953,397.29296875
8376.618333333334,198.71229553222656,366.8382568359375
8410.473333333333,150.349853515625,193.62828063964844
8441.628333333334,165.24850463867188,174.78952026367188
8478.914166666666,171.3335418701172,167.3452911376953
8510.204166666666,178.25296020507812,163.94537353515625
8544.729166666666,179.35499572753906,166.33102416992188
8576.583333333334,164.90541076660156,173.62106323242188
8610.696666666665,158.79493713378906,180.2712860107422
8642.791666666666,141.8391571044922,203.19436645507812
8676.435,201.6500244140625,365.5794982910156
8708.09,200.6782989501953,360.09173583984375
8742.124166666666,204.441650390625,391.75128173828125
8779.697499999998,204.2784881591797,392.7724304199219
8810.576666666666,204.31309509277344,394.65130615234375
8843.369166666667,204.81423950195312,396.32861328125
8875.602499999999,204.9070281982422,396.7303466796875
8910.289166666667,204.3612518310547,396.9988708496094
8945.074166666665,195.6273193359375,354.026611328125
8980.66,190.28521728515625,354.4010925292969
9010.465,161.58047485351562,176.1285400390625
9042.973333333332,169.28375244140625,164.4147491455078
9076.74,170.59718322753906,161.19544982910156
9110.781666666666,174.23031616210938,159.69732666015625
9143.035,163.18453979492188,168.415771484375
9180.578333333333,161.9501190185547,172.5106201171875
9212.651666666667,162.465576171875,174.87574768066406
9244.204166666666,160.37069702148438,319.4576110839844
9274.611666666668,190.8856964111328,327.2953796386719
9309.268333333333,199.41375732421875,364.7331848144531
9342.363333333333,207.33123779296875,396.8634338378906
9377.8425,207.0634765625,398.73712158203125
9411.25,207.04080200195312,399.6613464355469
9450.746666666668,207.5032501220703,401.6038818359375
9478.1575,206.49913024902344,404.15850830078125
9511.5275,206.09872436523438,404.8545837402344
9544.9425,201.32595825195312,380.5904235839844
9578.328333333333,148.69952392578125,194.7483367919922
0.0,163.8626708984375,175.6009063720703
0.0,167.73146057128906,171.61199951171875
Timestamp,Pupil_X,Pupil_Y
0.0,474.3941955566406,228.22776794433594
2.861666666666667,474.3759765625,227.72885131835938
80.97999999999999,474.0089416503906,228.91822814941406
118.06750000000001,473.9110412597656,230.314208984375
156.61666666666665,473.72528076171875,227.21885681152344
180.8925,472.9825134277344,229.3496856689453
211.32416666666668,473.3672180175781,229.28823852539062
231.98083333333332,473.6282653808594,228.89076232910156
276.5766666666667,473.31060791015625,228.691650390625
285.84999999999997,473.060302734375,228.8757781982422
314.9808333333333,473.73846435546875,227.9237060546875
336.94,474.608154296875,226.6691131591797
372.6166666666667,474.80914306640625,226.3393096923828
397.9841666666666,475.5965270996094,227.00439453125
431.24916666666667,475.4944152832031,227.13674926757812
464.6925,475.24407958984375,226.3043212890625
497.7825,475.3765563964844,226.37416076660156
529.5708333333333,475.3702392578125,226.706787109375
567.2458333333334,475.3431396484375,226.7631378173828
600.005,475.1656494140625,226.81634521484375
633.3008333333333,475.21539306640625,227.23583984375
669.6450000000001,475.2345886230469,227.63092041015625
699.2508333333334,475.5601806640625,227.0032196044922
730.1791666666667,475.44415283203125,227.25852966308594
765.0875,475.4307861328125,227.6190643310547
796.8558333333333,475.4291076660156,227.4513702392578
832.5766666666666,475.4136962890625,226.59983825683594
863.9616666666666,475.0050964355469,227.97283935546875
898.6775,475.1273193359375,228.44198608398438
929.6391666666667,475.3334045410156,227.62388610839844
963.715,475.1894226074219,227.90771484375
997.4999999999999,475.3157043457031,227.57952880859375
1030.5408333333332,475.5931091308594,227.01730346679688
1064.5808333333332,475.67706298828125,228.45468139648438
1096.4041666666667,475.21319580078125,228.60858154296875
1129.57,475.63665771484375,228.0924072265625
1163.6141666666665,475.406982421875,227.86219787597656
1198.8925,475.6101989746094,227.55538940429688
1230.6308333333334,475.32855224609375,228.2106475830078
1264.5458333333333,475.012939453125,227.8492431640625
1296.1216666666667,474.3877868652344,228.24818420410156
1329.0525,475.0509033203125,226.75155639648438
1362.4116666666666,474.76483154296875,227.1857452392578
1397.2466666666667,467.03326416015625,228.22210693359375
1430.3108333333334,471.3107604980469,224.3455352783203
1465.7491666666667,471.4150695800781,224.59893798828125
1496.0108333333333,471.6045227050781,225.6515350341797
1530.0691666666667,466.77288818359375,227.69412231445312
1562.3866666666665,445.39288330078125,220.95379638671875
1596.52,431.4315185546875,220.26348876953125
1629.7808333333332,433.7237243652344,220.29779052734375
1662.9441666666667,435.16741943359375,220.12942504882812
1695.4466666666667,438.9202880859375,220.34005737304688
1728.68,440.4261474609375,221.5500030517578
1762.1425,443.49298095703125,221.80067443847656
1795.5874999999999,440.55181884765625,224.46649169921875
1829.3366666666666,439.7883605957031,224.05130004882812
1863.6950000000002,440.37591552734375,223.72561645507812
1896.1066666666666,440.6872863769531,224.13514709472656
1929.0766666666666,440.5815124511719,224.22442626953125
1962.3616666666665,440.76251220703125,224.34715270996094
1996.2424999999998,440.8884582519531,224.1845703125
2029.7875,442.1324462890625,224.0292205810547
2063.8258333333333,463.79913330078125,226.3716583251953
2095.6725,480.4165344238281,224.82879638671875
2129.3141666666666,480.6882629394531,229.5243377685547
2162.1916666666666,499.9190979003906,183.80177307128906
2196.1775000000002,483.56390380859375,220.55296325683594
2229.626666666667,482.7952575683594,221.31468200683594
2263.6150000000002,479.7240295410156,225.73825073242188
2299.3216666666667,479.3201904296875,225.89964294433594
2333.2825000000003,482.0606384277344,224.37664794921875
2364.8391666666666,502.8428955078125,185.49111938476562
2399.706666666667,501.8902587890625,186.47927856445312
2431.454166666667,502.3799133300781,186.1643829345703
2463.8450000000003,448.9895935058594,222.18321228027344
2496.5291666666662,428.8040771484375,218.0531463623047
2529.33,428.83740234375,218.3604278564453
2562.3125,431.9421081542969,218.2904815673828
2596.3058333333333,434.0076904296875,218.13841247558594
2629.9741666666664,435.223388671875,219.1758575439453
2663.2591666666667,436.32159423828125,219.2824249267578
2701.485833333333,436.5411376953125,219.50885009765625
2729.455833333333,436.86572265625,219.56512451171875
2762.9075,437.01019287109375,219.6594696044922
2795.8125,437.15142822265625,219.56961059570312
2829.875,437.2145080566406,220.35089111328125
2863.79,455.0614318847656,223.0223846435547
2896.054166666667,479.8880310058594,204.9132080078125
2928.6041666666665,479.93389892578125,227.82823181152344
2962.24,481.05303955078125,228.17503356933594
2997.1741666666667,480.875,227.4686737060547
3030.1325,480.7291259765625,227.70001220703125
3064.9525,480.3524169921875,228.48831176757812
3096.1349999999998,480.6094665527344,227.98907470703125
3129.0575,495.4354248046875,176.77247619628906
3161.980833333333,498.5788879394531,176.75979614257812
3196.1666666666665,472.06658935546875,222.1510467529297
3229.7266666666665,436.79705810546875,218.3631134033203
3264.295833333333,424.8753662109375,216.97186279296875
3296.5175000000004,427.2640380859375,217.2514190673828
3329.0025,429.9951171875,217.73294067382812
3362.545833333333,431.00006103515625,218.18963623046875
3396.785,431.9505615234375,217.8379669189453
3432.6575,432.1604309082031,218.62744140625
3463.1158333333333,432.708984375,218.61029052734375
3496.5466666666666,437.2545471191406,219.7725830078125
3530.755,464.9272766113281,220.62838745117188
3561.82,482.7673645019531,216.40028381347656
3600.375833333333,483.65570068359375,198.0479736328125
3629.6291666666666,485.100830078125,190.97711181640625
3663.2191666666663,486.26861572265625,186.08651733398438
3694.8925,485.9790344238281,182.98764038085938
3728.4674999999997,486.7508850097656,186.09532165527344
3762.604166666667,487.92352294921875,180.8620147705078
3794.6349999999998,474.351318359375,205.664794921875
3828.9308333333333,440.2894287109375,219.6222686767578
3863.2425000000003,434.20147705078125,218.63250732421875
3896.42,435.7825622558594,219.78150939941406
3928.2616666666668,438.9378662109375,220.01943969726562
3961.8508333333334,439.0797424316406,220.90284729003906
3996.6858333333334,439.9946594238281,220.951416015625
4029.2149999999997,440.4239501953125,222.0842742919922
4065.3525000000004,441.0202331542969,221.45249938964844
4095.339166666666,445.8724670410156,221.46109008789062
4127.720833333333,477.0232238769531,204.9394989013672
4161.340833333333,501.2119445800781,177.71974182128906
4197.906666666667,482.6178894042969,224.48312377929688
4230.004166666667,482.62713623046875,224.57931518554688
4262.251666666667,486.7038269042969,194.71827697753906
4295.58,486.5667724609375,194.1453399658203
4329.516666666666,485.7297668457031,197.6338348388672
4360.625,482.3138732910156,224.5314178466797
4395.7508333333335,466.43548583984375,187.91354370117188
4429.490833333333,435.0558776855469,218.68106079101562
4462.515833333334,432.9452209472656,218.7459716796875
4494.755833333334,435.43316650390625,220.16285705566406
4528.115833333333,437.5430603027344,220.1990203857422
4560.929166666667,438.6865234375,220.11773681640625
4595.235833333334,439.32220458984375,220.29873657226562
4628.75,439.7001647949219,220.8617401123047
4662.251666666666,439.63409423828125,220.85923767089844
4694.4416666666675,439.76104736328125,221.399169921875
4727.671666666667,441.75555419921875,221.6186065673828
4761.685833333333,468.02783203125,188.59698486328125
4793.809166666667,481.5673828125,173.9368438720703
4828.430833333333,485.1116943359375,191.42886352539062
4861.7,481.8253173828125,225.42491149902344
4894.35,482.2781066894531,225.04222106933594
4931.0008333333335,481.8085632324219,224.86102294921875
4961.425833333333,486.7469482421875,176.09429931640625
4995.539166666667,486.5785827636719,179.55291748046875
